{
  "rebalance_steps": 3,
  "rebalance_interval": 36,
  "fee_rate": 0.0005,
  "eval_period_days": 16.0,
  "initial_portfolio": 10000.0,
  "final_portfolio": 7875.661224536661,
  "portfolio_return": -21.243387754633385,
  "benchmark_return": -11.528956678817522,
  "excess_return": -9.714431075815863,
  "total_fees": 603.8701140212509,
  "fees_pct": 6.038701140212509,
  "avg_turnover": 1.1238443166297576,
  "fee_adjusted_return": -15.204686614420876,
  "fee_adjusted_excess": -3.6757299356033535,
  "sharpe_ratio": -6.822652367121234,
  "max_drawdown": 23.957184858002538,
  "volatility": 0.7837199009528044,
  "win_rate": 41.40625,
  "total_steps": 128,
  "total_reward": -2100.7227915772523,
  "avg_reward": -16.411896809197284,
  "reward_prediction_correlation": -0.1748297943852148,
  "avg_predicted_reward": 21.287506103515625,
  "avg_prediction_uncertainty": 49.221923828125
}