{
  "initial_portfolio": 10000.0,
  "final_portfolio": 9988.199526161217,
  "portfolio_return": -0.11800473838782637,
  "benchmark_return": 0.37760929648469754,
  "excess_return": -0.4956140348725239,
  "sharpe_ratio": -0.03806872350873486,
  "max_drawdown": 4.7016770948868425,
  "volatility": 0.3531321664884479,
  "win_rate": 46.875,
  "total_steps": 64,
  "total_reward": -7.711934408472388,
  "avg_reward": -0.12049897513238106,
  "reward_prediction_correlation": 0.04879018774553584,
  "avg_predicted_reward": 8.016700744628906,
  "avg_prediction_uncertainty": 0.11481960117816925
}